filename,predicted_class
1.jpg,Non_raveling
2.jpg,Raveling
3.jpg,Raveling
4.jpg,Raveling
5.jpg,Non_raveling
6.jpg,Non_raveling
7.jpg,Non_raveling
8.jpg,Non_raveling
9.jpg,Non_raveling
10.jpg,Raveling
11.jpg,Non_raveling
12.jpg,Raveling
13.jpg,Non_raveling
14.jpg,Raveling
15.jpg,Non_raveling
16.jpg,Raveling
17.jpg,Non_raveling
18.jpg,Non_raveling
19.jpg,Raveling
20.jpg,Non_raveling
21.jpg,Non_raveling
22.jpg,Non_raveling
23.jpg,Raveling
24.jpg,Non_raveling
25.jpg,Raveling
26.jpg,Raveling
27.jpg,Non_raveling
28.jpg,Non_raveling
29.jpg,Raveling
30.jpg,Non_raveling
31.jpg,Raveling
32.jpg,Raveling
33.jpg,Raveling
34.jpg,Raveling
35.jpg,Non_raveling
36.jpg,Raveling
37.jpg,Non_raveling
38.jpg,Raveling
39.jpg,Raveling
40.jpg,Non_raveling
41.jpg,Non_raveling
42.jpg,Raveling
43.jpg,Raveling
44.jpg,Raveling
45.jpg,Raveling
46.jpg,Non_raveling
47.jpg,Raveling
48.jpg,Non_raveling
49.jpg,Non_raveling
50.jpg,Raveling
51.jpg,Raveling
52.jpg,Raveling
53.jpg,Raveling
54.jpg,Non_raveling
55.jpg,Non_raveling
56.jpg,Raveling
57.jpg,Non_raveling
58.jpg,Non_raveling
59.jpg,Raveling
60.jpg,Raveling
61.jpg,Non_raveling
62.jpg,Raveling
63.jpg,Raveling
64.jpg,Raveling
65.jpg,Raveling
66.jpg,Non_raveling
67.jpg,Non_raveling
68.jpg,Non_raveling
69.jpg,Non_raveling
70.jpg,Raveling
71.jpg,Non_raveling
72.jpg,Raveling
73.jpg,Non_raveling
74.jpg,Non_raveling
75.jpg,Raveling
76.jpg,Non_raveling
77.jpg,Raveling
78.jpg,Non_raveling
79.jpg,Raveling
80.jpg,Raveling
81.jpg,Raveling
82.jpg,Non_raveling
83.jpg,Raveling
84.jpg,Raveling
85.jpg,Non_raveling
86.jpg,Non_raveling
87.jpg,Non_raveling
88.jpg,Raveling
89.jpg,Non_raveling
90.jpg,Non_raveling
91.jpg,Raveling
92.jpg,Non_raveling
93.jpg,Non_raveling
94.jpg,Non_raveling
95.jpg,Non_raveling
96.jpg,Non_raveling
97.jpg,Raveling
98.jpg,Raveling
99.jpg,Non_raveling
100.jpg,Non_raveling
101.jpg,Raveling
102.jpg,Raveling
103.jpg,Non_raveling
104.jpg,Non_raveling
105.jpg,Non_raveling
106.jpg,Non_raveling
107.jpg,Raveling
108.jpg,Raveling
109.jpg,Raveling
110.jpg,Raveling
111.jpg,Non_raveling
112.jpg,Non_raveling
113.jpg,Raveling
114.jpg,Raveling
115.jpg,Non_raveling
116.jpg,Non_raveling
117.jpg,Raveling
118.jpg,Raveling
119.jpg,Raveling
120.jpg,Non_raveling
121.jpg,Raveling
122.jpg,Non_raveling
123.jpg,Raveling
124.jpg,Non_raveling
125.jpg,Non_raveling
126.jpg,Raveling
127.jpg,Non_raveling
128.jpg,Non_raveling
129.jpg,Raveling
130.jpg,Raveling
131.jpg,Non_raveling
132.jpg,Non_raveling
133.jpg,Raveling
134.jpg,Raveling
135.jpg,Raveling
136.jpg,Non_raveling
137.jpg,Non_raveling
138.jpg,Raveling
139.jpg,Raveling
140.jpg,Raveling
141.jpg,Raveling
142.jpg,Raveling
143.jpg,Non_raveling
144.jpg,Raveling
145.jpg,Non_raveling
146.jpg,Non_raveling
147.jpg,Raveling
148.jpg,Raveling
149.jpg,Non_raveling
150.jpg,Raveling
151.jpg,Raveling
152.jpg,Raveling
153.jpg,Non_raveling
154.jpg,Raveling
155.jpg,Non_raveling
156.jpg,Non_raveling
157.jpg,Raveling
158.jpg,Raveling
159.jpg,Raveling
160.jpg,Raveling
161.jpg,Non_raveling
162.jpg,Raveling
163.jpg,Non_raveling
164.jpg,Raveling
165.jpg,Raveling
166.jpg,Raveling
167.jpg,Non_raveling
168.jpg,Raveling
169.jpg,Raveling
170.jpg,Non_raveling
171.jpg,Raveling
172.jpg,Non_raveling
173.jpg,Non_raveling
174.jpg,Raveling
175.jpg,Non_raveling
176.jpg,Raveling
177.jpg,Non_raveling
178.jpg,Non_raveling
179.jpg,Non_raveling
180.jpg,Raveling
181.jpg,Non_raveling
182.jpg,Raveling
183.jpg,Non_raveling
184.jpg,Raveling
185.jpg,Raveling
186.jpg,Raveling
187.jpg,Raveling
188.jpg,Raveling
189.jpg,Raveling
190.jpg,Non_raveling
191.jpg,Raveling
192.jpg,Non_raveling
193.jpg,Non_raveling
194.jpg,Raveling
195.jpg,Raveling
196.jpg,Raveling
197.jpg,Raveling
198.jpg,Raveling
199.jpg,Raveling
200.jpg,Raveling
201.jpg,Raveling
202.jpg,Non_raveling
203.jpg,Non_raveling
204.jpg,Non_raveling
205.jpg,Non_raveling
206.jpg,Raveling
207.jpg,Non_raveling
208.jpg,Raveling
209.jpg,Non_raveling
210.jpg,Raveling
211.jpg,Non_raveling
212.jpg,Non_raveling
213.jpg,Raveling
214.jpg,Non_raveling
215.jpg,Raveling
216.jpg,Raveling
217.jpg,Non_raveling
218.jpg,Non_raveling
219.jpg,Non_raveling
220.jpg,Non_raveling
221.jpg,Non_raveling
222.jpg,Non_raveling
223.jpg,Raveling
224.jpg,Raveling
225.jpg,Raveling
226.jpg,Non_raveling
227.jpg,Non_raveling
228.jpg,Non_raveling
229.jpg,Raveling
230.jpg,Non_raveling
231.jpg,Non_raveling
232.jpg,Non_raveling
233.jpg,Raveling
234.jpg,Raveling
235.jpg,Raveling
236.jpg,Raveling
237.jpg,Non_raveling
238.jpg,Raveling
239.jpg,Non_raveling
240.jpg,Raveling
241.jpg,Raveling
242.jpg,Non_raveling
243.jpg,Raveling
244.jpg,Raveling
245.jpg,Raveling
246.jpg,Non_raveling
247.jpg,Non_raveling
248.jpg,Raveling
249.jpg,Non_raveling
250.jpg,Raveling
251.jpg,Raveling
252.jpg,Non_raveling
253.jpg,Non_raveling
254.jpg,Raveling
255.jpg,Non_raveling
256.jpg,Raveling
257.jpg,Non_raveling
258.jpg,Raveling
259.jpg,Raveling
260.jpg,Raveling
261.jpg,Non_raveling
262.jpg,Non_raveling
263.jpg,Non_raveling
264.jpg,Raveling
265.jpg,Raveling
266.jpg,Raveling
267.jpg,Raveling
268.jpg,Raveling
269.jpg,Non_raveling
270.jpg,Non_raveling
271.jpg,Non_raveling
272.jpg,Raveling
273.jpg,Raveling
274.jpg,Raveling
275.jpg,Raveling
276.jpg,Non_raveling
277.jpg,Non_raveling
278.jpg,Non_raveling
279.jpg,Non_raveling
280.jpg,Raveling
281.jpg,Raveling
282.jpg,Raveling
283.jpg,Non_raveling
284.jpg,Non_raveling
285.jpg,Non_raveling
286.jpg,Non_raveling
287.jpg,Raveling
288.jpg,Non_raveling
289.jpg,Non_raveling
290.jpg,Raveling
291.jpg,Non_raveling
292.jpg,Non_raveling
293.jpg,Non_raveling
294.jpg,Non_raveling
295.jpg,Non_raveling
296.jpg,Raveling
297.jpg,Raveling
298.jpg,Non_raveling
299.jpg,Raveling
300.jpg,Non_raveling
